<?xml version="1.0" encoding="UTF-8"?><!DOCTYPE beans PUBLIC "-//SPRING//DTD BEAN//EN" "http://www.springframework.org/dtd/spring-beans.dtd">
<!--  - Application context definition.  -->
<beans> 
	
	
    <!--  monitor bean -->
	<bean id="webMonitorBean" class="org.springdashboard.logic.WebMonitorBean">
		<!-- how many history flows should the webMonitorBean keep in memory -->
		<property name="maxNumberOfFlows"><value>10</value></property>
        
	
	</bean>
    
    <!-- Monotir view controller -->
	<bean id="monitorViewController" class="org.springdashboard.web.MonitorViewController">
	<!-- the JSP that will present the XML data- default here is monitor.jsp -->
	<property name="view"><value>monitor</value></property>
	</bean>
	
	
	<bean id="MonitorDataController" class="org.springdashboard.web.MonitorDataController">
	<property name="webMonitorBean">
            <ref bean="webMonitorBean"/>
        </property>
        <!-- the JSP that will format the data to XML- default here is monitorData.jsp -->
        <property name="formeterJSP"><value>monitorData</value></property>
	</bean>
	
	
	<!-- TEST CONTOLLERS -->
	<bean id="testController1" class="org.springdashboard.test.TestController1"/>
    <bean id="testController2" class="org.springdashboard.test.TestController2"/>
    <bean id="testController3" class="org.springdashboard.test.TestController3"/>
     <bean id="mainPageController" class="org.springdashboard.test.MainPageController"/>
    
	
	<!-- Spring View Resolver   -->
	<bean id="viewResolver" class="org.springframework.web.servlet.view.InternalResourceViewResolver">
        <property name="viewClass"><value>org.springframework.web.servlet.view.JstlView</value></property>
        <property name="prefix"><value>/WEB-INF/jsp/</value></property>
        <property name="suffix"><value>.jsp</value></property>
    </bean>
	
	
    
    <!-- URL to controller mapping    -->
	  <bean id="urlMapping" class="org.springframework.web.servlet.handler.SimpleUrlHandlerMapping">
	          <property name="mappings">
	          	<props> 
	             	
	             	<prop key="/monitor.htm">monitorViewController</prop>
	             	<prop key="/monitor_data.htm">MonitorDataController</prop>
	             	
	             	
	             	<prop key="/testpage1.htm">testController1</prop>
	             	<prop key="/testpage2.htm">testController2</prop>
	             	<prop key="/testpage3.htm">testController3</prop>
	             	<prop key="/main.htm">mainPageController</prop>
	             	 
	            </props> 
	            
	          </property>
	  </bean>
	
 </beans>
